,Time,B_BxC,C_BxC
0,1,484.84012667999997,452.8066312799999
1,5,650.9266871366667,363.33268039999996
2,15,496.1681606333333,499.34783835999997
3,30,648.1596669200001,477.89142208
