,Time,B_BxC,C_BxC
0,1,232.3143499444393,207.30886765540785
1,5,279.3543972795104,190.7941683302645
2,15,220.39261427536286,216.1639424953581
3,30,290.59333835080616,238.59735890747933
