,Time,A_AxB,B_AxB
0,1,10.530708334208322,12.984222221625
1,5,9.89851388775,12.312555555541673
2,15,9.449277778416668,11.544097221875004
3,30,11.644791665499998,14.95008332666666
