,Time,A_AxC,C_AxC
0,1,4.344123297211092,2.619267929150258
1,5,5.573279662034373,2.7093179181866867
2,15,4.840289896866929,2.356534048257301
3,30,5.139153463920515,1.6343328793841616
