,Time,A_AxC,C_AxC
0,1,17.363222225916658,10.548638890499996
1,5,23.625986113874994,11.45852777975
2,15,21.46543055575,10.842013890666678
3,30,22.846486110708334,7.0709166673750135
