,Time,B_BxC,C_BxC
0,1,22.676138888375007,28.15062499395833
1,5,23.81608333012499,38.007736101083324
2,15,24.694833335000013,22.817513889374993
3,30,21.036138889416655,20.399527782083325
