,Time,B_BxC,C_BxC
0,1,0.008064516129032258,0.024193548387096774
1,5,0.0,0.008064516129032258
2,15,0.016129032258064516,0.03225806451612903
3,30,0.024193548387096774,0.04838709677419355
