,Time,A_AxC,C_AxC
0,1,24675.0,8008.333333333333
1,5,23809.055555555555,7420.277777777777
2,15,23936.277777777777,8835.555555555555
3,30,24530.833333333332,7870.222222222223
