,Time,B_BxC,C_BxC
0,1,2444.3510873276696,868.5531344443643
1,5,2455.3137532123515,830.7091735343985
2,15,2216.333578464513,842.9588040390431
3,30,2293.276260948834,813.8214316128293
