,Time,B_BxC,C_BxC
0,1,18.318013891625007,12.421791666250005
1,5,14.125624998916667,13.467708332916665
2,15,18.287833335208322,10.030097221458329
3,30,27.31448611166668,14.911694446458343
