,Time,B_BxC,C_BxC
0,1,0.0,0.0
1,5,0.0,0.0
2,15,0.0,0.0
3,30,0.024193548387096774,0.016129032258064516
