,Time,A_AxB,B_AxB
0,1,78.04226220285031,79.8752454528637
1,5,55.67413249585553,58.70568599495628
2,15,52.56364877946269,59.28882345006422
3,30,29.66079802857457,54.298598860321164
