,Time,A_AxB,B_AxB
0,1,144.543276028,170.62219191600002
1,5,112.44729235999999,113.09895788
2,15,99.891311012,106.72778883999999
3,30,52.113650376,93.778050848
