,Time,A_AxB,B_AxB
0,1,0.025,0.025
1,5,0.0,0.0
2,15,0.23714285714285716,0.14952380952380953
3,30,0.12933333333333333,0.09333333333333332
