,Time,A_AxC,C_AxC
0,1,541.25708852,500.35361273333336
1,5,666.00074908,466.61181839999995
2,15,566.933601852,187.04927708
3,30,464.67826896666674,308.3872181933333
