,Time,A_AxC,C_AxC
0,1,217.61027781136895,222.873083062162
1,5,284.90726401406346,222.51667541016792
2,15,308.22440210989043,97.98498355205203
3,30,233.90471757780435,170.9996130504713
