,Time,A_AxC,C_AxC
0,1,0.0,0.0
1,5,0.0,0.0
2,15,0.22857142857142854,0.11428571428571427
3,30,0.21063492063492062,0.15793650793650793
