,Time,B_BxC,C_BxC
0,1,25989.38888888889,7938.388888888889
1,5,26278.333333333332,9360.944444444445
2,15,26397.777777777777,8413.833333333334
3,30,27339.0,7901.944444444444
