,Time,A_AxB,B_AxB
0,1,14864.5,14749.444444444445
1,5,13429.777777777777,16800.777777777777
2,15,14133.555555555555,18043.777777777777
3,30,13545.277777777777,18036.055555555555
