,Time,B_BxC,C_BxC
0,1,26205.38888888889,9734.333333333334
1,5,26086.555555555555,9721.111111111111
2,15,26217.555555555555,9676.055555555555
3,30,26285.0,9704.777777777777
