,Time,A_AxC,C_AxC
0,1,25124.916666666668,11268.5
1,5,23554.444444444445,10538.888888888889
2,15,23904.333333333332,11721.833333333334
3,30,22639.3,11060.3
