,Time,A_AxB,B_AxB
0,1,0.016129032258064516,0.0
1,5,0.0967741935483871,0.008064516129032258
2,15,0.020161290322580645,0.008064516129032258
3,30,0.060752688172043004,0.03225806451612903
