,Time,A_AxB,B_AxB
0,1,12.55113889066668,19.55369444591667
1,5,14.640527776874995,13.00676388812501
2,15,18.54227778325,18.676319448166673
3,30,16.491138887916676,20.678916665875
