,Time,A_AxB,B_AxB
0,1,3.083916543899794,4.425730545948499
1,5,3.475911141238007,3.0947823460952613
2,15,4.276380180479181,4.342927433509252
3,30,3.7773823572486793,4.672411171953647
