,Time,B_BxC,C_BxC
0,1,0.16428571428571434,0.21071428571428572
1,5,0.125,0.22857142857142854
2,15,0.125,0.1285714285714286
3,30,0.23214285714285712,0.14285714285714285
