,Time,B_BxC,C_BxC
0,1,505.61184927333323,272.00485940000004
1,5,397.0637213799999,499.113839032
2,15,343.32254316,569.43450868
3,30,507.93946680000005,590.9968059199999
