,Time,A_AxB,B_AxB
0,1,17504.722222222223,12264.555555555555
1,5,16709.88888888889,14357.944444444445
2,15,16537.0,16431.833333333332
3,30,16394.38888888889,16479.333333333332
