,Time,A_AxC,C_AxC
0,1,285.76378916,361.71124136000003
1,5,495.507516656,328.35169717599996
2,15,385.78056079999993,998.321593824
3,30,402.47054176666666,519.4792088333332
