,Time,A_AxC,C_AxC
0,1,0.08571428571428572,0.1607142857142857
1,5,0.025,0.1657142857142857
2,15,0.21642857142857141,0.14142857142857143
3,30,0.25,0.14285714285714285
