,Time,A_AxC,C_AxC
0,1,138.7581587502221,176.84232841737364
1,5,232.12976857247315,156.34240929423015
2,15,204.05510133161062,500.78207167214697
3,30,186.20013858501787,266.1680515591299
