,Time,B_BxC,C_BxC
0,1,257.7161303200739,221.17379067942346
1,5,276.4482691897058,261.4945756879162
2,15,316.30696506055887,105.55527193554181
3,30,254.7171318908546,159.17555936636072
