,Time,B_BxC,C_BxC
0,1,0.025,0.025
1,5,0.0,0.0
2,15,0.14571428571428569,0.1295238095238095
3,30,0.23142857142857143,0.20666666666666664
