,Time,B_BxC,C_BxC
0,1,583.01170396,485.82164333333327
1,5,608.5470844999999,574.7537880333332
2,15,572.04179624,200.0736852
3,30,455.80119948,306.168423896
