,Time,B_BxC,C_BxC
0,1,2056.400904605053,606.6810102554346
1,5,2035.0802910149885,739.0933275690144
2,15,2026.232344768245,622.0032512119961
3,30,2116.217246662402,668.405878759628
