,Time,B_BxC,C_BxC
0,1,22623.5,13136.5
1,5,23026.5,11076.333333333334
2,15,24944.61111111111,13333.388888888889
3,30,21780.722222222223,13306.055555555555
