,Time,A_AxB,B_AxB
0,1,85.658848148,88.27564804400001
1,5,83.05420499999998,110.23168905666667
2,15,185.26235606000003,195.85480294000004
3,30,106.22667298799999,159.12817128
