,Time,A_AxB,B_AxB
0,1,48.03574175024889,38.24268674604353
1,5,42.54971313831256,56.77557050766369
2,15,92.88170756010983,93.29340835684022
3,30,52.0590054612618,82.03689580284116
