,Time,A_AxB,B_AxB
0,1,0.2556190476190476,0.1857142857142857
1,5,0.19809523809523807,0.1392857142857143
2,15,0.125,0.0875
3,30,0.26833333333333337,0.2257142857142857
