,Time,A_AxC,C_AxC
0,1,599.2996176,378.74505396000006
1,5,646.9816538,337.33519079999996
2,15,533.9380554,428.13774804
3,30,685.9409627959999,454.28234216
