,Time,A_AxC,C_AxC
0,1,249.25261481618088,175.1551062110016
1,5,276.1129855065324,162.4314195074176
2,15,233.69495983433052,186.21817461866402
3,30,296.38967760523684,214.81479321877512
