,Time,A_AxB,B_AxB
0,1,83.6934634,80.10131724399999
1,5,126.842229968,138.78152822
2,15,300.42257076000004,236.66476848
3,30,201.23901619999998,348.5137026666666
