,Time,A_AxB,B_AxB
0,1,0.028571428571428567,0.05571428571428571
1,5,0.0,0.05
2,15,0.125,0.0
3,30,0.25,0.23214285714285712
