,Time,A_AxB,B_AxB
0,1,41.30497967149878,46.06397463813115
1,5,56.18634292438054,61.05070108553833
2,15,160.00230249741853,111.6694099401379
3,30,108.4131447713649,174.85671071075157
