,Time,A_AxC,C_AxC
0,1,30.14816666525,9.09622222341667
1,5,21.354638890624994,10.130138888374997
2,15,26.130111116583343,8.799763888583335
3,30,30.956416671375013,17.953527782750008
