,Time,A_AxC,C_AxC
0,1,0.04032258064516129,0.0
1,5,0.06451612903225806,0.0
2,15,0.11290322580645161,0.0
3,30,0.10483870967741934,0.016129032258064516
