,Time,A_AxC,C_AxC
0,1,6.506065538557829,2.0194245467954746
1,5,4.879024653834273,2.2666007243803117
2,15,5.870151990282624,2.17473961130188
3,30,6.978537876603401,3.96983960005605
