,Time,A_AxC,C_AxC
0,1,23184.277777777777,10651.055555555555
1,5,23510.11111111111,10058.055555555555
2,15,23222.11111111111,9530.5
3,30,23223.333333333332,8944.388888888889
