,Time,A_AxC,C_AxC
0,1,11.720486111749995,20.452361108291655
1,5,16.23525000016667,31.087097224208318
2,15,14.596722222583349,16.03863888979167
3,30,14.06955555491667,16.74787499787501
