,Time,A_AxB,B_AxB
0,1,1721.986738853772,964.0987703329499
1,5,1745.1031063990959,911.4777232980666
2,15,1254.332615131796,1100.4873847502233
3,30,1388.205628840363,1196.5995851205978
