,Time,A_AxB,B_AxB
0,1,19648.055555555555,11018.611111111111
1,5,19885.5,10749.055555555555
2,15,16682.555555555555,14572.555555555555
3,30,17635.222222222223,15415.166666666666
