,Time,B_BxC,C_BxC
0,1,0.0,0.008064516129032258
1,5,0.0,0.016129032258064516
2,15,0.016129032258064516,0.0407258064516129
3,30,0.016129032258064516,0.008064516129032258
