,Time,B_BxC,C_BxC
0,1,26.568875002374998,10.617305558249999
1,5,25.731333332,14.788361112125
2,15,28.262666665125,16.58316666975
3,30,32.7857361095,9.280083336375
