,Time,B_BxC,C_BxC
0,1,5.68004672073169,2.5893450461968563
1,5,5.761477228404363,3.286849208572261
2,15,5.922441121210021,3.5531621302729395
3,30,6.740400430125721,2.1867555037524524
