,Time,A_AxC,C_AxC
0,1,2047.5427022776848,704.3399022632411
1,5,1840.8825065926524,582.004110503675
2,15,1691.725457525661,648.9944851153365
3,30,1868.3293037172205,702.0438271287071
