,Time,A_AxB,B_AxB
0,1,4.448128162667967,3.8808044212292137
1,5,4.087275655344556,3.996369979309405
2,15,4.045313578200812,4.789666893434337
3,30,4.327714625505209,3.985365200128246
