,Time,A_AxB,B_AxB
0,1,0.04032258064516129,0.0
1,5,0.07258064516129031,0.008064516129032258
2,15,0.11290322580645161,0.0
3,30,0.10565906562847607,0.024193548387096774
