,Time,A_AxB,B_AxB
0,1,19.6455972185,17.23151389425
1,5,17.309513887625002,17.973888887375
2,15,16.794055557625,22.0378888835
3,30,18.592111110124996,17.25637500025
